<?xml version="1.0" encoding="UTF-8"?>
<project-private xmlns="http://www.netbeans.org/ns/project-private/1">
    <editor-bookmarks xmlns="http://www.netbeans.org/ns/editor-bookmarks/2" lastBookmarkId="0"/>
    <open-files xmlns="http://www.netbeans.org/ns/projectui-open-files/2">
        <group>
            <file>file:/C:/Users/united%20computer/Documents/NetBeansProjects/HMS/src/hms/view_Appointments.java</file>
            <file>file:/C:/Users/united%20computer/Documents/NetBeansProjects/HMS/src/hms/adminpatientDetail.java</file>
            <file>file:/C:/Users/united%20computer/Documents/NetBeansProjects/HMS/src/hms/databaseConnect.java</file>
            <file>file:/C:/Users/united%20computer/Documents/NetBeansProjects/HMS/src/hms/Receptionist.java</file>
            <file>file:/C:/Users/united%20computer/Documents/NetBeansProjects/HMS/src/hms/Appointments.java</file>
            <file>file:/C:/Users/united%20computer/Documents/NetBeansProjects/HMS/src/hms/AdminUserpass.java</file>
            <file>file:/C:/Users/united%20computer/Documents/NetBeansProjects/HMS/src/hms/Dr_profile.java</file>
            <file>file:/C:/Users/united%20computer/Documents/NetBeansProjects/HMS/src/hms/Receptionistuserpass.java</file>
            <file>file:/C:/Users/united%20computer/Documents/NetBeansProjects/HMS/src/hms/Doctor.java</file>
            <file>file:/C:/Users/united%20computer/Documents/NetBeansProjects/HMS/src/hms/doctorDetails.java</file>
            <file>file:/C:/Users/united%20computer/Documents/NetBeansProjects/HMS/src/hms/Admin.java</file>
            <file>file:/C:/Users/united%20computer/Documents/NetBeansProjects/HMS/src/hms/Receptionist_Profile.java</file>
            <file>file:/C:/Users/united%20computer/Documents/NetBeansProjects/HMS/src/hms/receptionistDetail.java</file>
            <file>file:/C:/Users/united%20computer/Documents/NetBeansProjects/HMS/src/hms/userpass.java</file>
            <file>file:/C:/Users/united%20computer/Documents/NetBeansProjects/HMS/src/hms/patientDetail.java</file>
            <file>file:/C:/Users/united%20computer/Documents/NetBeansProjects/HMS/src/hms/Log_screen.java</file>
        </group>
    </open-files>
</project-private>
